Source,Reference,Prediction,Toxicity_Score,Jaccard,LaBSE_Sim
i need to take my ass to sleep so im well rested for tomorrow bt i cant sleep smh,i need to sleep so to be prepared for tomorrow but i just ca n't,i need to sleep so i m well rested for tomorrow bt i can't sleep,0.0008393879,0.5555555555555556,0.90176
wesley called bellatrix a bitch,wesley called bellatrix a bad girl,wesley called bellatrix a bad,0.036533885,0.6666666666666666,0.91952604
your making shit up now so you can just say boom,you are making things up now so you can just say boom,you are making things up now so you can just say boom,0.0005808677,0.6923076923076923,0.90977156
bitch you posed to be making sure his he got his shit together,you posed to be making sure his he got his emotion together,you posed to be making sure his he got his thing together,0.00044104498,0.7692307692307693,0.8692195
yeah i understand just continue being strong and keep up the good work fuck the babydaddy your better without him,yeah i understand just continue being strong and keep up the good work you re better without him,yeah i understand just continue being strong and keep up the good work you are better without him,0.00063799333,0.7619047619047619,0.9143665
he is mentally incompetent and everyone knows it,he is incompetent and everyone knows it,he is mentally incompetent and everyone knows it,0.96194327,1.0,1.0
not just stupid bambastic statements or not knowing that the russian are in ukraine,do n't make any useless statements for not knowing that the russian are in ukraine,not just bad statements or not knowing that the russian are in ukraine,0.046977546,0.7857142857142857,0.86714864
it s a stressful hard as fuck job,it s a stressful hard job,it s a stressful job,0.0008755232,0.625,0.83301216
get the fuck out of the place that never belonged to you to begin with,get out of the place that never belonged to you to begin with,get out of the place that never belonged to you to begin with,0.0010032534,0.9230769230769231,0.9596381
the older generation obviously doesn t give a fuck if we all starve,the older generation obviously doesn t care if we all starve,the older generation obviously doesn't care if we all starve,0.059812225,0.5333333333333333,0.9461746
i think she s the fucking piece of shit in that relatioship,she is not good in this relationship,i think she s the thing in that relatioship,0.001572695,0.6153846153846154,0.8665155
nah you know those lines are gon na be chill as fuck,nah you know those lines are gon na be good,you know those lines are gon na be chill,0.0014064393,0.75,0.9106532
no good bastards that we are and we are unrepentant about it,no good people that we are and we are unrepentant about it,no good people that we are and we are unrepentant about it,0.040356874,0.8181818181818182,0.9280354
what the fuck is happening there,what is happening there,what is happening there,0.0004350114,0.6666666666666666,0.9094168
i know shit wheree you,i know where are you,i know where you,0.0006587577,0.5,0.9260925
suck a dick it was a fluke you said the only thing you didn t have was the fudge,it was a fluke you said the only thing you didn t have was the fudge,it was a fluke you said the only thing you didn't have was the bad,0.060521554,0.5882352941176471,0.8123047
do people get that this whole organization is a fucking joke yet,do people get that this whole organization is a joke yet,do people get that this whole organization is a joke yet,0.12422741,0.9166666666666666,0.9870288
good food and blonde bitches,good food and blonde ladies,good food and blonde,0.014808812,0.8,0.91811585
they still fucked up though,they still messed up though,they still mess up though,0.0013686083,0.6666666666666666,0.9556719
making stupid decisions and destroying canadian jobs,making bad decisions and destroying canadian jobs,making bad decisions and destroying canadian jobs,0.027977956,0.75,0.9624273
why is it that when a conservative repeats talking points everyone loses their shit,why is it that when a conservative repeats talking points everyone loses their mind,why is it that when a conservative repeats talking points everyone loses,0.00064119266,0.8571428571428571,0.97391546
open you re mind up and learn some shit you fuckers,open your minds and learn something,open you re mind up and learn something,0.0008910355,0.6363636363636364,0.8217078
that would be a tight ass show we would be shitting on mob wives haha,taht would be a tight show we would be sitting on mob wives,that would be a tight show we would be ignoring mob wives haha,0.08762367,0.7142857142857143,0.92412066
even al qaeda gets a fucking vacation,even al qaeda gets to have vacations,even al qaeda gets a vacation,0.0006562765,0.8571428571428571,0.9600561
aweee atleast your still talking shit about them lol how did you play,your still talking about them lol how did you play,aweee atleast your still talking about them lol how did you play,0.0008960398,0.9230769230769231,0.98853487
just terminated my contract with comcast and returned their shit,i have terminated the contract with comcast and returned their payment,just terminated my contract with comcast and returned their stuff,0.0010938831,0.8181818181818182,0.97470593
so you can choose fix your shit or we will fix your shit for you,so you can choose fix your own or we will fix for you,so you can choose fix your thing or we will fix your thing for you,0.0009806714,0.8333333333333334,0.9474412
just was in a car accident great start to the fucking day,just was in a car accident great start to the day,just was in a car accident great start to the day,0.00046781098,0.9166666666666666,0.96703583
nah i don t give a fuck what happens to people that literally deserve worse to happen to them,i m not concerned with people who have done something bad for others,i don't care what happens to people that literally deserve worse to happen to them,0.040961605,0.5789473684210527,0.89914423
because obama made a statement saying vaccinate your fuckin kids today,obama made a statement saying vaccinate your kids today,because obama made a statement saying vaccinate your kids today,0.002904733,0.9090909090909091,0.97240263
how about you stop slinging shit and contribute to the fucking conversation instead,how about you stop slinging and contribute to the conversation,how about you stop sling and contribute to the conversation instead,0.0006521179,0.7142857142857143,0.93214834
it even says in the article that its source is a german newspaper this place is fucking ridiculous,it even says in the article that its source is a german newspaper,it even says in the article that its source is a german newspaper this place is ridiculous,0.96993077,0.9411764705882353,0.993556
yeah she can but she aint got shit on me though,yeah she can but she ca n't get trouble on me though,yeah she can but she aint got things on me though,0.00076238834,0.8181818181818182,0.9466882
logic is useless with these people,they do n't use logic very much,logic is useless with these people,0.9820225,1.0,1.0
man tell her ass good fucking night lls,man tell her good night,man tell her good night,0.9833075,0.625,0.8316375
what is it you little ass,what is it,what is it,0.00044385076,0.5,0.61882234
whats the point jaz clearly doesnt give a shit what youre saying,whats the point jaz clearly doesnt care what youre saying,whats the point jaz clearly doesn't care what youre saying,0.003053536,0.5714285714285714,0.9445361
itt people cunts who don t recognize a joke when they see one,itt people who don t recognize a joke when they see one,people who don't recognize a joke when they see one,0.00076532766,0.6428571428571429,0.93438256
that shit was funny to me you stay wearin tank tops shorts lls,this was fun for me and you stay wearing tank tops and shorts,that thing was funny to me you stay wearing tank tops shorts,0.0009638036,0.6666666666666666,0.9468938
that is not going to do shit,it s not going to work,that is not going to do anything,0.0003709746,0.75,0.87481695
whats this crap about wishes,whats this thing about wishes,whats this about wishes,0.00048342167,0.8,0.92357254
it is quite sad how many people support this kind of shit,it is quite sad how many people support this kind of thing,it is quite sad how many people support this kind of thing,0.00037519942,0.8461538461538461,0.97492105
im trying to keep my mentions clean keep your dirty ass out my mentions,i m trying to keep my mentions clean,im trying to keep my mentions clean keep out my mentions,0.0005588466,0.7272727272727273,0.9390094
they don t give a shit about animals,they do n't care about animals,they don't care about animals,0.0028157295,0.3,0.92450947
whaaaaat is happening in this fucking picture why can t the world make any sense anymore,what is happening in this picture why ca n't the world make any sense,whaaaaat is happening in this picture why can't the world make any sense anymore,0.0005521828,0.7647058823529411,0.983012
at some point somebody could knock over table saying fuck you bloody cheater,at some point somebody could knock over table hurling expletives,at some point somebody could knock over table saying i don't care,0.012600607,0.5625,0.7727905
this has got to be the stupidest most corrupt method of bidding in the history of mankind,this has got to be the most corrupt method of bidding in the history of mankind,this has got to be the most corrupt method of bidding in the history of mankind,0.10590146,0.9333333333333333,0.9807546
what a fricking clown show he is,what a bad show he is,what a clown show he is,0.9938651,0.8571428571428571,0.95555234
who the fuck is donne hoover,who is doone hoover,who is donne hoover,0.059401464,0.6666666666666666,0.9121386
who the fuck cares asshole,who cares,who cares,0.002954906,0.4,0.70583755
his shit is horrible ive heard songs from that arent that bad,his thing is horrible ive heard songs from that arent that bad,his thing is horrible ive heard songs from that arent that bad,0.032047518,0.8333333333333334,0.96143985
that explains your somewhat ignorant comments,that explains your somewhat insensible comments,that explains your comments,0.00047494547,0.6666666666666666,0.8220211
i feel so stupid why did i had to cry for those little,how could i have cried for those little,i feel so bad why did i had to cry for those little,0.00095833885,0.8461538461538461,0.9443009
we shootin ak s tonight all the bitches takin off their hijab s tonight,we are having fun tonight all the girls are feeling free tonight,we shootin ak s tonight all the girls takin off their hijab s tonight,0.6680318,0.8461538461538461,0.95352566
ima see yo ass on the space station one day of some super random shit,ima see yo on the space station one day,ima see you on the space station one day of some super random thing,0.00059370784,0.7058823529411765,0.93637925
oh look this shit again,oh see this mistke again,oh look this again,0.00041832542,0.8,0.9269388
hey call of duty no one gives a shit,hey call of duty no one cares,hey call of duty no one cares,0.0017113473,0.6,0.9091728
where the fuck is captain planet,where is captain planet,where is captain planet,0.0005529114,0.6666666666666666,0.90819496
the weather can be such a bitch,the weather can be so bad,the weather can be so bad,0.00058038457,0.4444444444444444,0.88239723
macfly was the shit lol,macfly was the mess lol,macfly was the thing lol,0.0023229038,0.6666666666666666,0.91720855
for example one cares about climate change and the other one doesn t give two fucks,for example one cares about climate change and the other one doesn t care,for example one cares about climate change and the other one doesn't care,0.0004959728,0.5882352941176471,0.9253122
you see how you have been fucked in the ass again,you see how you have been messed with again,you see how you have been in trouble again,0.00058194494,0.6363636363636364,0.8293536
then come talk to me about been a dick,then come talk to me about how you re a bad person,then come talk to me about being bad,0.00816645,0.5454545454545454,0.874846
i think it s only if you sign some data plan shit,i think it s only if you sign some data pan,i think it s only if you sign some data plan,0.00041760848,0.9166666666666666,0.97990626
n ross talks about things rt jeezy shit don t even make sense half da time lol,and ross talks about things right he do n't even make sense half the time,n ross talks about things don t even make sense half da time lol,0.0070959753,0.8235294117647058,0.9288457
shit maybe that is why it didn t look like he was loosing very much blood,maybe that is why it didn t look like he was loosing very much blood,maybe that is why it didn t look like he was loosing very much blood,0.018836755,0.9375,0.9444624
yeah you fuckin try signing up for that shit,yeah you try signing up for that,yeah you try signing up for that,0.00042185688,0.7777777777777778,0.8688086
this shit is a global network,this company is globally known network,this is a global network,0.00044691883,0.8333333333333334,0.9061841
oh shit i see lil bra an on my tl lol,oh i see lil brah on my tl lol,oh i see lil bra on my tl lol,0.001046306,0.8181818181818182,0.96596825
who the fuck gets their wedding catered by a pizza parlor,who gets their wedding catered by a pizza parlor,who gets their wedding catered by a pizza parlor,0.017916044,0.8181818181818182,0.9593968
think i live with her ass tf im always asking her grandparents for something,i think i would live with her if i always asked her grandparents for something,think i live with her i m always asking her grandparents for something,0.0011067152,0.7142857142857143,0.9494152
ya tall ass could hide behind a tree is you wanted to,you can hide behind a tree if you wanted to,you could hide behind a tree is you wanted to,0.047546264,0.75,0.8392173
still a boring ass tv show,it s still a boring tv show,still boring tv show,0.01704615,0.6666666666666666,0.9386071
buying a fuckin raffle ticket lol,buying a raffle ticket lol,buying a raffle ticket lol,0.0022997588,0.8333333333333334,0.94417393
where the head of fema was a political appointment instead of someone who could actually do the fucking job,the head of fema was not the right person for the job,where the head of fema was a political appointment instead of someone who could actually do the job,0.383247,0.9411764705882353,0.9820814
why do ppl spell g words with a q stop dat stupid shit,why do ppl spell g words with a q stop that thing this is not good,why do ppl spell g words with a q stop dat,0.0006730286,0.8461538461538461,0.9464126
the tube is very efficient most days but outside of london public transport is a fucking joke,the tube is very efficient most days but outside of london public transport is very bad,the tube is very efficient most days but outside of london public transport is a joke,0.0036012686,0.9375,0.99469167
yeap because im a twat and leave things until the last minute haha,yup because i am lazy and leave things until the last minute haha,yeap because i leave things until the last minute haha,0.0007054476,0.6428571428571429,0.93339545
they can fly their ass back to mecca and stay there,they can fly back to mecca and stay there,they can fly back to mecca and stay there,0.02503856,0.8181818181818182,0.94488627
why are there so many of us idiots still,why are there still many of people like us,why are there so many of us still,0.00035910957,0.8888888888888888,0.89934707
they must have a ton of stuff on these cowardly republicans,they have a lot of stuff about republicans,they must have a ton of stuff on these republicans,0.007374323,0.9090909090909091,0.94484335
what the fuck was that,what was that,what was that,0.0004205786,0.6,0.88631713
netanyahu might be a bigger ass than cheney,netanyahu might be a bigger bad person than cheney,netanyahu might be bigger than cheney,0.00480633,0.75,0.96083605
it s in the bloody original link you fucking troglodyte,it s in the original link,it s in the bloody original link,0.7876779,0.7,0.8045467
who cares loser lib troll they are all so pathetic and incompetent and corrupt they should resign period,who cares they are incapable and not suitable they should resign period,who cares loser lib troll they are all so incompetent and corrupt they should resign period,0.996646,0.9375,0.9813292
i swear there s a bunch of loser ass scrub dudes who live in my damn city smh,i swear there are losers who live in my city,i swear there s a bunch of people who live in my city smh,0.0017929743,0.6842105263157895,0.8401877
or don t vote for the anti science anti education anti fucking paying the good damn bills party,or dont vote for the anti science anti education anti paying the bills party,or don't vote for the anti science anti education anti paying the good bills party,0.0028037732,0.6875,0.98209107
i don t know if you re serious or trying to make me feel like a dumb ass,i dont know if you re serious or trying to make me feel less smart,i don't know if you re serious or trying to make me feel bad,0.0022909804,0.6,0.91642445
it s the whole idea to make it a pain in the ass to reporters and recovery workers,it s the whole idea to make it hard for reporters and recovery workers,it s the whole idea to make it difficult to reporters and recovery workers,0.00045393195,0.6875,0.92465925
where the fuck are you living,where are you living,where are you living,0.0015308355,0.6666666666666666,0.91246736
you arent smart enough to understand humor,you do n't understand this kind of humor,you aren't smart enough to understand humor,0.82350105,0.75,0.9903075
can confirm we believe that people think that we are shits,can confirm people think we are wrong,can confirm we believe that people think that we are bad,0.0059004338,0.8,0.92477626
this logic makes no fucking sense,this is illogical,this logic makes no sense,0.00047182362,0.8333333333333334,0.96948117
like where the fuck do you even buy a hippo,where do you even buy a hippo,like where do you even buy a hippo,0.031810336,0.8,0.9627226
people do unpredictable shit when they fear for their life,people do unpredictable thinga when they fear for their life,people do unpredictable things when they fear for their life,0.00047232423,0.8181818181818182,0.96166784
life s a bitch and then you die,life is a unpleasant and then you do n't live,life s bad and then you die,0.75345826,0.6666666666666666,0.91086936
doesn t that bite you in the ass later,doesnt that bite you later,doesn't that bite you later,0.01829133,0.4,0.89595884
i have a huge sore on my back and it fucking hurts like a bitch,i have a huge sore on my back and it really hurts,i have a huge sore on my back and it hurts,0.017836638,0.7857142857142857,0.87484384
at times her ass be decent tho she can t blow like you but she iight,at times she s decent tho she ca n't blow like you but she s alright,at times she be decent tho she can't blow like you but she iight,0.1623162,0.6875,0.95640445
germany doesn t take shit from any group that misbehaves,germany doesn t take anything from any group that misbehaves,germany doesn't take from any group that misbehaves,0.00943674,0.6363636363636364,0.97891057
how did ontarios hydro file work out from these clowns,how did ontarios hydro file work out from these clowns,how did ontarios hydro file work out from these people,0.00042473615,0.8181818181818182,0.92193586
yeah lets not fucking be hypocrite here or shall we go and ask mr,yeah lets not be hypocrite here or shall we go and ask mr,yeah lets not be hypocrite here or shall we go and ask mr,0.910734,0.9285714285714286,0.99061143
the reality is most of us are bitches sitting behind a computer typing,the reality is most of us are people sitting behind a computer typing,the reality is most of us are sitting behind a computer typing,0.00064322137,0.9230769230769231,0.970029
can someone explain to these idiot jurors that the days of free money are over,can someone explain to these people that the days of free money are over,can someone explain to these jurors that the days of free money are over,0.00056897843,0.9333333333333333,0.96945155
make real articles not stupid speedy dleteion you jew,make good articles not this kind of articles,make real articles not stupid speedy,0.9894058,0.6666666666666666,0.8844532
obviously i d also prefer it if both sides would do their fucking jobs,obviously i d also prefer if both sides would do their jobs,obviously i d also prefer it if both sides would do their jobs,0.000664466,0.9285714285714286,0.97742355
he is such an ass,he is such a pain,he is not good,0.1413935,0.2857142857142857,0.59364593
i m gon na beat my brother ass if he doesn t follow back,i m gon na beat my brother if does n't follow back,i m gon na beat my brother if he doesn't follow back,0.065177456,0.7333333333333333,0.9793714
i think it s the queue to cover the ass of the guy who does,i think it s the queue to cover the guy who does,i think it s the queue to cover the guy who does,0.21049014,0.8461538461538461,0.96500206
where the fuck are u,where are you,where are you,0.0041174833,0.3333333333333333,0.84945077
really fuck democracy and the will of the people eh,really democracy and the will of the people eh,really destroy democracy and the will of the people eh,0.017072085,0.8,0.9474485
you are clearly an immature jerk,you are a bad person,you are clearly immature,0.9927033,0.6666666666666666,0.8878718
the service industry is fucked,the service industry is bad,the service industry is not good,0.0017776783,0.5714285714285714,0.78179085
but if they stayed to party then fuck yeah,if they have started to party then goes on,but if they stayed to party then go,0.0011875882,0.7,0.8966626
lls hahahhaaaa i know right i m laughing like shitt,i know right i m laughing,i know right i m laughing,0.00055957836,0.5555555555555556,0.7700939
you need to stop putting your sucking thumb in light sockets your brain is getting fried,you need to stop putting your thumb in light sockets your brain is getting fried,you need to stop putting your thumb in light sockets your brain is getting fried,0.6710704,0.9333333333333333,0.98448855
flying the confederate flag is like a kid running around screaming pussy willow thinking he s super clever,flying the confederate flag is like a kid running around screaming thinking he s super clever,flying the confederate flag is like a kid running around willow thinking he s super clever,0.087610476,0.8888888888888888,0.96551335
rt gorilla bitch get me a soda,please get me a soda,get me a soda,0.0010547965,0.5714285714285714,0.5190149
as i get older i realize how truly stupid i am,as i get older i realize how truly less informed i am,as i get older i realize how naive i am,0.013919654,0.7,0.9359462
in a nutshell it is typesetting and fucking fonts,in a nutshell it is typesetting and fonts,in a nutshell it is typesetting and fonts,0.0006598809,0.8888888888888888,0.950752
or entering a fucking theme park,or entering a theme park,or entering a theme park,0.00051187765,0.8333333333333334,0.9429722
this is the exact kind of shit they are worried about,this is exact kind of thing they are worried about,this is the exact kind of thing they are worried about,0.0005229501,0.8333333333333334,0.9616746
even when we weren t friends and i was an evil bitch to you,even when we weren t friends and i was a bad person to you,even when we weren t friends and i was bad to you,0.020619126,0.7333333333333333,0.9528703
this shits been on the front page of wikipedia and bbc for a week,this was on the front page of wikipedia and bbc for a week,this thing has been on the front page of wikipedia and bbc for a week,0.00039296132,0.8125,0.9782738
joe miller is certifiably insane,joe miller is insane,joe miller is certifiably insane,0.91359687,1.0,1.0
g i was like wtfing shit,g i was bad,g i was like bad,0.03642306,0.5714285714285714,0.7888106
how the fuck do you think i feel,how do you think i feel,how do you think i feel,0.0012298127,0.75,0.94139
who wants to see your fucked up elbow lmaoo,who wants to see your elbow lmaoo,who wants to see your elbow,0.56492347,0.6666666666666666,0.8188632
lol you won t find my ass in houston,lol you wo n't find me in houston,lol you won't find me in houston,0.0008769776,0.45454545454545453,0.93501294
well shit t i don t want to annoy them,well i do n't want to annoy them,well i don't want to annoy them,0.0010554473,0.6,0.9529498
fuck you you hoe i don t want you back,i do n't want you back,i don't want you back,0.03712512,0.4444444444444444,0.8071303
i feel like shit i honestly feel like crying it takes a lot to make me cry,i honestly feel like crying it takes a lot to make me cry,i honestly feel like crying it takes a lot to make me cry,0.004099164,0.9285714285714286,0.94521123
this is truly garbage in garbage out,this is truly a wastage,this is not good,0.00066245813,0.25,0.41193277
damn just had a nice home cooked meal 60 wuh bout you lol,i just had a nice home cooked meal what about you,just had a nice home cooked meal 60 wuh bout you,0.0013212684,0.8461538461538461,0.94871044
bullshit japan should have finished,japan should have finished,japan should have finished,0.0006919769,0.8,0.90461326
we agree there the dude is a wackjob,we agree there the dude ai n't serious,we agree there the dude is not a good job,0.041426014,0.6363636363636364,0.79193044
oh julie caitlin brown is in the house finally getting this shit organized,oh and julie caitlin brown is in the house finally organizing everything,oh julie caitlin brown is in the house finally getting this thing organized,0.0015255299,0.8571428571428571,0.9883699
i ve been being lazy as fuck,i ve been very lazy,i ve been being lazy,0.14575669,0.7142857142857143,0.8523146
agreed that our state pa is worse mainly for its fucking ridiculous liquor laws and terrible roads,agreed that our state pa is worse mainly for its strange laws and bad roads,agreed that our state pa is worse mainly for its ridiculous liquor laws and terrible roads,0.65578055,0.9411764705882353,0.99685276
what the fuck is on my tv now,what s on my tv now,what is on my tv now,0.00085503334,0.75,0.9560452
ugh fuck the king of sa he is a real fuckin douche bag,the king is incapable,ugh i don't care king of sa he is a real douche bag,0.8391838,0.625,0.85665
i dont need to cite each and every fucking word,i do n't need to make clear each and every word,i don't need to cite each and every word,0.000507872,0.7272727272727273,0.95228595
you cant buy everything on amazon many people would be too dumb to use it,you ca n't buy everything on amazon,you can't buy everything on amazon many people would not use it,0.0006267871,0.5882352941176471,0.93451947
you wouldnt believe the shit ive seen,you wouldnt believe the things ive seen,you wouldn't believe what ive seen,0.0009115244,0.4444444444444444,0.92448574
syg is a shit law,syg is a bad law,syg is a bad law,0.0031189763,0.6666666666666666,0.9068936
where the fuck do i sign up,where do i sign up,where do i sign up,0.00095787324,0.7142857142857143,0.8942566
o bitch shes the ugliest one,she is not beautiful,she is the ugliest one,0.9913818,0.375,0.7285802
have at it take shit and call it life experience,have at it take it and call it a life experience,have at it and call it life experience,0.00041448203,0.7777777777777778,0.935909
holy shit when will this story die,when will this story die,when will this story die,0.022922428,0.7142857142857143,0.8205585
fucking paul reiser on tv every week,paul reiser on tv every week,paul reiser on tv every week,0.009825049,0.8571428571428571,0.9524019
lol naw kev just got ta let muh fuckas know,lol naw kev just got ta let muh things know,naw kev just got ta let muh know,0.00039387398,0.8,0.7900186
where you been at bitch,where have been at,where you been,0.0012533971,0.6,0.8527817
yeah i hope she ll stop with this shit,yeah i hope she ll stop with this,yeah i hope she ll stop with this,0.004399499,0.8888888888888888,0.9491653
uhh noo you get your ass to bed i ain t the one who has a bedtime lol,uhh noo you should go to sleep i ain t the one who has a bedtime lol,uhh noo you get to bed i aint the one who has a bedtime lol,0.008415759,0.7368421052631579,0.95314467
why the fuck would you want to be remembered anyway,why would you want to be remembered anyway,why would you want to be remembered anyway,0.00047295337,0.8,0.9353043
u know it i don t jus wake up and talk shit to people lol,i do n't wake and talk unsuitable things to people,you know it i don't wake up and talk to people lol,0.0020442943,0.5882352941176471,0.97183955
i just laugh at the shit now no need to stress,i just laugh at the problem now no need to stress,i just laugh at it now no need to stress,0.00047774136,0.75,0.9587798
people are actually buying his shit,people are actually buying his things,people are actually buying his stuff,0.0005770312,0.7142857142857143,0.9513824
ya because we don t sing it every fucking game right,ya because we don t sing it every game right,ya because we don t sing it every game right,0.0005726124,0.9090909090909091,0.9794399
i don t want to fuck up,i don t want to mess up,i don't want to mess up,0.0013563519,0.4444444444444444,0.92275095
doing nothing is better then doing something stupid,doing nothing is better then doing something stupid,doing nothing is better then doing something wrong,0.0007423133,0.75,0.93536496
this mine will not be stopped hahahahaha losers,this mine will not be stopped,this mine will not be stopped hahahahahaha,0.00049752236,0.6666666666666666,0.9177923
holy shit you people live in a fantasy land with no basis in reality,you people live in a fantasy land with no basis in reality,you people live in a fantasy land with no basis in reality,0.00139124,0.8461538461538461,0.8524397
i figured people might care but apparently nobody gives a shit about him anymore,i thought people might care but apparently nodoby cares about him anymore,i figured people might care but apparently nobody cares about him anymore,0.004149373,0.7333333333333333,0.97430617
why the hellshould you be proud of shooting people up and doing drugs and pimping bitches,you should n't be proud of these bad things,why should you be proud of shooting people up and doing drugs and pimping,0.832935,0.75,0.95972174
get your asses to kiev asap we need your support,we need your support,get yourself to kiev asap we need your support,0.011355621,0.8,0.91984
holy fuck that makes it so much worse,that makes it so much worse,that makes it so much worse,0.0021041096,0.75,0.6546289
fuck i dm u the wrong stuff nvm don t delete just add that behind,i messaged you the wrong stuff nvm do n't delete just add that behind,i dm u the wrong stuff nvm don t delete just add that behind,0.00087992765,0.9333333333333333,0.9683059
as fucked up as it sounds i knew a dude that did exactly that,as crazy as it sounds i knew a dude that did exactly that,as bad as it sounds i knew a dude that did exactly that,0.0071091563,0.7692307692307693,0.95508564
i m scared to put on a fucking hoodie man,i am afraid to put on a hoodie man,i m scared to put on a hoodie man,0.9481086,0.9,0.9711319
so sad nobody boycotts this shit,so sad nobody boycotts this,so sad nobody boycotts this,0.00043721436,0.8333333333333334,0.9574038
nevertheless good on mccain for seeing how stupid that the donald and his fanclub are,nevertheless good on mccain for seeing how donald and his fanclub are,nevertheless good on mccain for seeing how bad that the donald and his fanclub are,0.026681524,0.875,0.9758882
i was definitely serious what the fuck is this,i was definitely serious what is this,i was definitely serious what is this,0.00043798314,0.7777777777777778,0.9633065
contrary to popular belief i think all time low is shit,contrary to popular belief i think all time low is bad,contrary to popular belief i think all time low is bad,0.00047135836,0.8333333333333334,0.9576966
jezz you people are really starting to look stupid now,you people are looking ignorant,jezz you people are really starting to look bad now,0.0120041715,0.8181818181818182,0.94695175
shit im hatin tmobile right now,i do n't like tmobile right now,i m hatin tmobile right now,0.00061505614,0.5,0.9326234
china needs a swift kick up the butt and to stop stealing from the west,china needs to be punished and to stop stealing from the west,china needs a swift kick up and to stop stealing from the west,0.6804289,0.9285714285714286,0.9874013
he was being a bitch so i shut him up fuck he crying for,he was upsetting me so i made him to stop why he is crying,he was being rude so i shut him up he crying for,0.6065912,0.7142857142857143,0.9046023
hello fat ugly lonely smelly little boy,hello little boy,hello fat lonely smelly boy,0.9618513,0.7142857142857143,0.9377978
shit how much does reddit owe you,how much does reddit owe you,how much does reddit owe you,0.0005498242,0.8571428571428571,0.94822866
way to link to the wrong fucking sub,way to link to the wrong sub,way to link to the wrong sub,0.0004884325,0.8571428571428571,0.96022373
you can tell he just put some shit out,you can tell he just put it out,you can tell he just put something out,0.0007260296,0.7,0.92520463
fucking idiots who made the threats probably think they re funny,people who made the threats will think they are funny,people who made the threats probably think they re funny,0.0048989346,0.75,0.859395
have some respect for other people and their shit,have some respect for other people and their life choices,have some respect for other people and their things,0.00035451105,0.8,0.9412409
ast time a group like this reared its head for fucks sake these comments are shit,last time a group like this reared its head these comments are bad,ast time a group like this reared its head for sake these comments are bad,0.06638829,0.8235294117647058,0.93382835
i would have just scooted over and made room for his fine ass hahaha,i would have just scooted over and made room for him hahaha,i would have just scooted over and made room for him hahaha,0.12558466,0.7333333333333333,0.90113026
the perverted freak hog tied me chained me up to a pole and took pictures of me,the guy tied me chained me up and took my photo,the person tied me up to a pole and took pictures of me,0.015191681,0.6875,0.772414
fucking morons don t know the difference between weather and climate,they don t know the difference between weather and climate,they don't know the difference between weather and climate,0.0004755301,0.5384615384615384,0.8463452
i wasn t talking bout ya bestie cus i don t fuck with em talkin but mannyy,i wasn t talking bout ya bestie cus i don t mess with em talkin but mannyy,i wasn't talking bout ya bestie cus i don't talk but mannyy,0.021656297,0.4444444444444444,0.96082866
of course they will fucking miss,of course they will miss,of course they will miss,0.0007920023,0.8333333333333334,0.93753505
yeah now that yo ass got the rejection treatment,yeah now that you got the rejection treatment,yeah now that you got the rejection treatment,0.00044994074,0.7,0.9347204
if there was enough oil for america to get involved you would bitch about that too,if there was enough oil for america to get involved you would involve about that too,if there was enough oil for america to get involved you would complain about that too,0.00070754456,0.8823529411764706,0.95876616
shits gon na hit the fan,things have gone out of hands,gon na hit the fan,0.020481862,0.8333333333333334,0.8468634
lol waaaack shit im typing dis essay eeeh help me d,i ’ m typing this essay eeeh help me,i m typing dis essay eeeh help me d,0.00059334445,0.5384615384615384,0.7866249
vote the clown out in 2020,vote him out in 2020,vote out in 2020,0.00045471298,0.6666666666666666,0.8814268
fuck you i m not clicking that,go away i m not clicking that,i m not clicking that,0.000429008,0.7142857142857143,0.84204364
id think about finding out some facts before calling someone else ignorant rex,id think about finding out some facts before calling someone else uneducated rex,id think about finding out some facts before calling someone else ignorant,0.8694382,0.9230769230769231,0.92674446
just answer the fucking question,just answer the question,just answer the question,0.00038563143,0.8,0.90196043
they can fuckin rape you girl,they can do it forcfully with you,they can rape you girl,0.9243941,0.8333333333333334,0.9683946
no shit when da mixtape droppin,when da mixtape droppin,no when the mixtape droppin,0.0006807476,0.5714285714285714,0.9134185
i ve seen dick in a box fucking love it,i ve seen surprise gift deeply love it,i ve seen something in a box love it,0.0007955768,0.7272727272727273,0.85460913
like who gives a shit what trump s view on this is haha,like who gives a care what trump ’ s view on this haha,like who cares what trump s view on this is haha,0.0013744045,0.7142857142857143,0.9193913
you ve crossed the fucking line,you ve crossed the line,you ve crossed the line,0.0005893116,0.8333333333333334,0.89473665
it would be more beneficial for you to go fuck yourself,it would be more beneficial for you to go away,it would be more beneficial for you to go away,0.10723978,0.75,0.8550712
im about to be tatted the fuck up,im about to be tatted,i m about to be tatted,0.0014489298,0.4,0.8522272
so they gon na play the same ass s l thats ridiculous,so they gon na play the same that s ridiculous,so they gon na play the same s l thats ridiculous,0.9558589,0.9166666666666666,0.9785062
you think you are being clever when in fact you are showing ignorance,you think you are being clever when in fact you are showing ignorance,you think you are being clever when in fact you are showing ignorance,0.9720171,1.0,1.0
i m sure most of his constituents are eating this shit show up,i am sure most of his constituents are eating this thing show up,i m sure most of his constituents are eating this show up,0.0013543783,0.9230769230769231,0.9728546
rt i swear lemonade is the fuckn best handsdown,right now lemonade is the best handsdown,i swear lemonade is the best handsdown,0.0012955151,0.7777777777777778,0.90768796
our island could be anywhere i don t give a fuck i just want as my president,our island could be anywhere i don t give just want as my president,our island could be anywhere i don t care i just want as my president,0.005526316,0.7647058823529411,0.9678678
has trump trolled any black or brown people on twitter this morning,has trump made fun of any people of other races on twitter this morning,has trump trolled any black or brown people on twitter this morning,0.9941251,1.0,1.0
shit we probably literally blow that up in a week,we probably litteralky blow that up in a week,we probably literally blow that up in a week,0.06975053,0.9,0.95724833
shit dude i would drive the economy to hell with my good intentions and socialistic ideals,i would drive the economy with my good intentions and socialistic ideals,dude i would drive the economy to hell with my good intentions and socialistic ideals,0.07777465,0.9375,0.9857695
ohh that punk ass bck lol,ohh he is back,ohh that guy lol,0.27506202,0.42857142857142855,0.72063124
ha i m just bored enough i might do that shit lol,ha i m just bored enough i might do that thing lol,ha i m just bored enough i might do that lol,0.0006839608,0.9090909090909091,0.97864884
i get on and u still talkin shit to ppl lol i kno man lol mybad,i get on and you still talking bad to ppl.thus is my bad,i get on and u still talking to ppl lol i kno man lol mybad,0.88162804,0.8,0.9818921
all of russian post soviet films and tv productions is shit,all of russian post soviet films and tv productions are bad,all of russian post soviet films and tv productions is bad,0.006939397,0.8333333333333334,0.953488
afteryears the great experiment called the united states of america crumbles beneath political ineptness and stupidity,after years the great experiment called the united states of america crumbles beneath political ineptness and negative things,after years the great experiment called the united states of america crumbles beneath political ineptness and stupidity,0.9966684,0.8235294117647058,0.9898735
bitxches on my dick that used to brush me off in high school,bad girls on me that used to brush me off in high school,i don't care that used to brush me off in high school,0.0016184312,0.5625,0.6871456
i want you all to myself you sexy beast,i want you all to myself honey,i want you all to myself,0.0007607663,0.75,0.7819115
did the scumbag slip an extra nannie in there,did he slip a extra nanny in there,did he slip an extra nannie in there,0.0005059808,0.7,0.8786907
mexico can be great but it s fucked up and dangerous at the moment,mexico can be great but it s dangerous at the moment,mexico can be great but it s dangerous at the moment,0.24706815,0.7857142857142857,0.9520371
and i thought south park was just making shit up,and i thought southpark was just making stuff up,and i thought south park was just making things up,0.0004277788,0.8181818181818182,0.96285
harry u bbe ur lurking follow us 50 bitches,harry u bbe ur lurking follow us 50 women,harry u are lurking follow us,0.0015052289,0.5,0.73404497
you said 10 fucking hours ago,you said 10 hours ago,you said 10 hours ago,0.00041969208,0.8333333333333334,0.95381665
youwant to shoot all up and down the aisle just like that idiot in the black church,you want to shoot all up and down the aisle just like that guy in the black church,youwant to shoot all up and down the aisle just like that in the black church,0.947127,0.9375,0.96385247
holy fuck you re bring my world crashing down on me,you are bringing my world crashing down on me,you re bring my world crashing down on me,0.0054129986,0.8181818181818182,0.83031344
napping is just too nice a description for this government which is far out stupid and inept,the government is deficient and clumsy,napping is just too nice a description for this government which is far out inept,0.95072424,0.875,0.9482585
get the hell off of my beach,get out of my beach,get off of my beach,0.005379095,0.7142857142857143,0.94731015
i d yell fucking jocks but i m the manliest dude there,i will say jocks but i am the manliest dude there,i d yell jocks but i m the manliest dude there,0.12262383,0.9090909090909091,0.9837445
yeah this has happened like 10 times bitch smd,yeah this has happened like 10 times,yeah this has happened like 10 times,0.0003851334,0.7777777777777778,0.91179
what the fuck else are they busy doing,what else are they busy doing,what are they busy doing,0.0004658945,0.625,0.83975846
fuck that video gives me the chills,that video gives me chills,i don't like that video gives me chills,0.0010140974,0.5,0.7962449
they got ontario government financial help to produce this garbage,they got ontario government financial help to produce this thing,they got ontario government financial help to produce this,0.0005437738,0.9,0.92660505
how does this bitch still have a fucking job,how come this person has a job,how does she still have a job,0.0023567348,0.6,0.7633957
so you are a coward and are unwilling to burn 4 to back up your beliefs pussy,so you are not courageous and are unwilling to burn 4 to back up your beliefs,so you are naive and are unwilling to burn 4 to back up your beliefs,0.5028551,0.75,0.94493955
who cares because minimum wage raised their qualifications mean fuck all now,minimum wage raised so qualifications dont mean anything now,who cares because minimum wage raised their qualifications mean all now,0.009116083,0.9166666666666666,0.9776043
she know s too much about me i don t know shit about her,she know s too much about me i don t know about her,she know s too much about me i don't know anything about her,0.0012029466,0.6428571428571429,0.9767185
great there is no question you will support this lunatic no matter what,great there is no question you will support this guy no matter what,great there is no question you will support this person no matter what,0.00051957916,0.8461538461538461,0.9129803
that is such a fucking joke i just got 100 for my e mail,that is such a unbelievable joke i just got 100 for my e mail,that is such a joke i just got 100 for my e mail,0.0013807926,0.9285714285714286,0.98838824
shit you people are stupid,you people are wrong,you people are not smart,0.97157854,0.42857142857142855,0.7697705
or are you just making shit up,or are you just making it up,or are you just making things up,0.0007530237,0.75,0.9310939
shit is perfect when u coding with 26 eye open lol,this is so perfect when u coding with 26 eye open,this is perfect when you coding with 26 eye open lol,0.0033781836,0.6923076923076923,0.92963696
never release that son of a bitch,never release that man,never release him,0.028009642,0.25,0.762782
took these ass holes this much to say something eh,took these people this much to say something eh,took these people this much to say something eh,0.0005623552,0.7272727272727273,0.80919415
fuck going on a cruise,do n't go on a cruise,go on a cruise,0.0007724282,0.5,0.7781224
you can t see shit from a gopro at 98 ft,its blurry form 98ft with a gopro,you can't see anything from a gopro at 98,0.008961977,0.5384615384615384,0.87325543
at this point why don t they just ban the fucking acid from personal use,at this point why don t they just ban the damn acid from personal use,at this point why don't they just ban the acid from personal use,0.0004249354,0.75,0.9825104
that s dumb ass hell cause then people wouldn t have more followers than they following,that makes bo sense cause then people would n't have more followers that they re following,that s bad cause then people wouldn't have more followers than they following,0.0007718535,0.6111111111111112,0.8821226
wow today has turned into a shit day all i can say is see you all later,wow today has turned into a bad day all i can say is see you all later,wow today has turned into a bad day all i can say is see you all later,0.0010929779,0.8823529411764706,0.9589265
shit bout to get me somethin to eat an take this car to the dealership,bout to get me somethin to eat an take this car to the dealership,bout to get me somethin to eat an take this car to the dealership,0.0018193073,0.9230769230769231,0.9665537
disappearing comments doesnt mean people believe and like this crap,disappearing comments does n't mean tha people start believe,disappearing comments doesn't mean people believe and like this,0.00077866565,0.7272727272727273,0.9663564
get that ass up and get to work lol,get up and get to work lol,get up and get to work lol,0.0030280366,0.75,0.8879733
nobody gives a fuck about your internet habits,nobody cares about your internet habits,nobody cares about your internet habits,0.010894941,0.5555555555555556,0.9465239
better stop that shit before i have to start reciprocating all over the place,you better stop it before i have to start reciprocating all over the place,better stop that before i have to start reciprocating all over the place,0.00045562044,0.9285714285714286,0.9645471
shame shit like this still happens tho,shame like this still happens tho,shame like this still happens tho,0.006210818,0.8571428571428571,0.9710416
i brought u a bagel from panaera and ur bum ass didn t even show,i brought u a bagel from panaera and u didn t even show,i brought you a bagel from panaera and you didn't even show,0.008878007,0.5294117647058824,0.93683654
he dont care what happens to blacks,he dont care what happens to these persons,he doesn't care what happens to blacks,0.9949981,0.75,0.99780446
that shit is lowkey amazing that he s able to walk still,that thing is lowkey amazing that he s able to walk still,that is lowkey amazing that he s able to walk still,0.0023084756,0.9090909090909091,0.9511784
but evil fucks for other reasons than this,but evil happens for other reasons than this,but evil for other reasons than this,0.020293191,0.875,0.9481095
get ready for some serious shit,get ready for some serious problem,get ready for some serious thing,0.00047762413,0.7142857142857143,0.91713583
to be fair they re a bunch of fucking worthless pigs and you re an asshole,to be fair they are not really suitable and you not competent,to be fair they re a bunch of worthless pigs and you re not good,0.9971035,0.7058823529411765,0.9204016
that is a clear reference to your monster man trump,that is a clear reference to trump,that is a clear reference to your trump,0.0008484995,0.8,0.84893215
fuck android i got that whack phone droid phone under my bed,i do n't like android,i got that phone droid phone under my bed,0.0011452319,0.7272727272727273,0.8963282
really we are twins idiot,really we are twins mate,really we are twins,0.00041155724,0.8,0.9067871
when i start gettin dm s about shit u said it stops,when i start gettin dm s about things u said it stops,when i start getting dm s about things u said it stops,0.09530689,0.7142857142857143,0.9332894
you can bet your ass i m going to see this movie,i am for sure watching this movie,you can't bet i m going to see this movie,0.0010712474,0.6923076923076923,0.87950724
lets import the syrian rapists in germany first,lets import the syrian rapists in germany first,lets import the syrian in germany first,0.031378977,0.875,0.9144149
same silly statement every time theres a bear attack,same statement every time there i s a bear attack,same statement every time theres a bear attack,0.008280748,0.8888888888888888,0.93633974
catgut needs to stop eating cat guts that demented perert,catgut needs to stop eating cat guts,catgut needs to stop eating cat guts that demented,0.23066247,0.9,0.96426135
hey who the fuck erased my latest tweet,hey who erased my latest tweet,hey who erased my latest tweet,0.00054182747,0.75,0.97191423
how the fuck did i miss that story,how did i miss that story,how did i miss that story,0.00042747616,0.75,0.9549472
who the hell thinks this makes any fucking sense whatsoever,who is the one thinks this makes any sense whatsoever,who thinks this makes any sense whatsoever,0.00039290945,0.7,0.9045249
dea fucks with big pharm it s an outrage,dea associates with big pharm it s an outrage,dea messes with big pharm it s an outrage,0.0013311589,0.8,0.9677708
but who the fuck is reggie,but who is reggie,but who is reggie,0.00060416176,0.6666666666666666,0.9399639
how about the government doesn t make anyone do jack shit in terms of their businesses,how about the government doesn ’ t make anyone do things in terms of their business,how about the government doesn't make anyone do anything in terms of their business,0.000501245,0.5789473684210527,0.9349214
sadly the gay community and its lackeys refuses to accept the evidence,sadly the gay community and it s companions refuses to accept the evidence,sadly the gay community and its lackeys refuse to accept the evidence,0.99855906,0.8333333333333334,0.99939096
how fucked were you forgetaboutitinthemorning,how were you forget about it in the morning,how bad were you forgetaboutitinthemorning,0.014752588,0.6666666666666666,0.9299451
fuck this school and and i don t need school,i hate this school and i do n't need school,don't need this school and i don't need school,0.024034971,0.5555555555555556,0.9377122
sometimes i wonder how i can love such a shit team,sometimes i wonder how i can love such a bad team,sometimes i wonder how i can love such a team,0.00042056575,0.9,0.9780807
gator don t play no shit,gator don t play,gator don't play anything,0.017275888,0.25,0.92377186
richard rhyner ms moore discussed stupidity not the flooding,richard rhymes ms moore didn ’ t discuss the flooding,richard rhyner ms moore discussed not the flooding,0.0011237122,0.8888888888888888,0.9574535
you lucky bitch what did youd do when you met him x,you re lucky what did you do when you met him,you lucky what did you do when you met him,0.00058078574,0.7272727272727273,0.8801031
scum like robert kraft will be on the losing side,robert kraft will be on losing side,robert kraft will be on the losing side,0.0006297136,0.8,0.869154
everyone s full of shit and has some kind of ulterior motive,everyone is unreasonable and has some kind of ulterior motive,everyone s bad and has some kind of ulterior motive,0.0023883588,0.75,0.8765961
christ you people are retarded,christ you people are not so okay,christ you people are not good,0.91435367,0.5714285714285714,0.7830904
oh shit i m spiraling i m spiraling,oh i m spiraling i m spiraling,oh i m spiraling i m spiraling,0.0005370329,0.8,0.95869535
but just because saudi arabia is doing shit doesn t mean we should start emulating saudi arabia,but just because saudi arabia is doing wrong does n't mean we should start emulating saudi arabia,but just because saudi arabia is doing things doesn t mean we should start emulating saudi arabia,0.0009127368,0.875,0.9775252
putting pelosi right back in power was just plain stupid,putting pelosi back in power was not worth it,putting pelosi right back in power was not good,0.072469905,0.5833333333333334,0.8236213
bitch read your own tweets and stop sipping that deluded tea,read your own tweets and please stop sipping the unreal tea,read your own tweets and stop sipping that tea,0.002320271,0.8181818181818182,0.9373981
where tha fuck dis rain kome frm,from where is this rain coming,where is the rain kome frm,0.0014240573,0.4444444444444444,0.88589454
do you have any idea how fucked we are if they come here,do you have any idea how much trouble we are in if they come here,do you have any idea how bad we are if they come here,0.0054899175,0.8571428571428571,0.95786244
your friend was a complete dick,your friend was n't nice,your friend was not good,0.2335212,0.375,0.7156687
omg nine days till i dip canada fuck yes,omg nine days till i reach canada,omg nine days till i dip canada,0.006736469,0.7777777777777778,0.9492642
think of all the fun shit we ve done in a year amazing,think all the fun we ’ ve done in a year amazing,think of all the fun things we ve done in a year amazing,0.00035712824,0.8571428571428571,0.972901
where do the wackadoodles that read this article come up with the stupid nonsense that they think is important,where do those that read this article come up with the bad idea they think is important,where do the wackadoodles that read this article come up with the nonsense that they think is important,0.5678657,0.9411764705882353,0.9910316
shit god forbid there be something unsourced about a fucking current event,god forbid there be something unsourced about a current event,god forbid there be something unsourced about a current event,0.0004071848,0.8333333333333334,0.9428331
considering all the shit the us had done to them that s really no surprise,considering all the things the us had done to them that s really no surprise,considering all the things the us had done to them that s really no surprise,0.0003880304,0.8666666666666667,0.9612817
including packing the tinder for this type of shit,including packing the tinder for this type of thing,including packing the tinder for this type of thing,0.0011331867,0.8,0.95222074
who the fuck is this supposed to appeal to,who is this supposed to appeal to,who is this supposed to appeal to,0.0005434236,0.75,0.9191191
you mean talk out of their ass,you mean talk out of them,you mean talk out of them,0.0015220491,0.625,0.8614679
holy shit the real world is complicated,the real world is complicated,the real world is complicated,0.00040466143,0.7142857142857143,0.8270959
well we dun want that to fucking happen do we tch,well we dont want that to happen do we tch,well we dun want that to happen do we tch,0.012673558,0.9,0.96906996
your shitting on my heart,you re breaking my heart,you messed up my heart,0.007177765,0.25,0.8251525
you are quite frankly an ignorant bigot,you do n't know what you re talking about,you are quite frankly ignorant,0.99653876,0.7142857142857143,0.9014694
yeah half the nk shit doesn t work and their operators are nearly dead from starvation,yeah half the nk doesn t work and their operators are nearly dead from starvation,yeah half the nk doesn't work and their operators are nearly dead from starvation,0.032425117,0.7647058823529411,0.98842525
because it hurt like a bitch,because it hurt,because it hurts,0.002720173,0.2857142857142857,0.7603071
they re all round n shit,they re all round,they re all round,0.0029715297,0.6666666666666666,0.8919094
there is no excuse for having no ass nothing is more visually appealing to the imagination,there s no excuse for no having nothing more visually appealing to the imagination,there is no excuse for having nothing is more visually appealing to the imagination,0.00037872398,0.9285714285714286,0.9546752
he pushed this kid to try and commit suicide beat the shit out of him and robbed him,he pushed this kid to try to take his own life beat him badly and robbed him,he pushed this kid to try and commit suicide beat him and robbed him,0.7780559,0.75,0.9689016
who the fuck was that cuz that was mela,who was that cuz that was mela,who was that cuz that was mela,0.009144871,0.7142857142857143,0.95800805
some man just got stabbed in town o shit,some man just got stabbed in town,some man just got stabbed in town,0.9949234,0.7777777777777778,0.9525629
some people who claim to love wildlife are either lying about it or are just plain stupid,some people who claim to love wildlife are either lying about it or are just plain,some people who claim to love wildlife are either lying about it or are just plain ignorant,0.98079085,0.8823529411764706,0.98508775
i signed that shit so hard this morning,i signed it so hard this morning,i signed that so hard this morning,0.0005046834,0.875,0.9689803
wow the times is usually good on this shit,wow the times is usually good on this,wow the times is usually good on this,0.00040246395,0.8888888888888888,0.9570849
bound to happen when you run away from the best thing that ever fucking happened to you,bound to happen when you run away from the best thing that ever happened to you,bound to happen when you run away from the best thing that ever happened to you,0.0012758985,0.9333333333333333,0.97967345
last time we sent dads to japan that shit got sorted right out,last time we sent dads to japan that issue got sorted right out,last time we sent dads to japan that thing got sorted right out,0.0007341163,0.8571428571428571,0.9747735
surprisingly none of that shit is going on,surprisingly none of that is going on,surprisingly none of that thing is going on,0.0005579298,0.7777777777777778,0.95023596
a few years ago shit was going crazy,things were not well few years ago,a few years ago things were going crazy,0.0077815447,0.6,0.9226392
the mediterranean is a closed sea and enough shit has already been poured into it,the mediterranean is a closed sea and enough has already been poured into it,the mediterranean is a closed sea and enough stuff has already been poured into it,0.0006133298,0.875,0.9696296
mhmmmm fucking love that man 98 x,i love that man very much,mhmm i love that man,0.9944629,0.3333333333333333,0.7115997
you know your roomie rt got my housing shit today,you know your roomie rt got my housing today,you know your roomie got my housing thing today,0.002547085,0.7272727272727273,0.9543195
what about my fucking children,what about my children,what about my children,0.0005159921,0.8,0.91596025
shit lets do it then,okay lets do it then,lets do it then,0.0005400744,0.8,0.8458169
fuck yeah boys we own the moon,yes boys we own the moon,yeah boys we own the moon,0.20099646,0.8571428571428571,0.95531523
where the fuck was i,where was i,where was i,0.0024559677,0.6,0.89884406
fuck sometimes the two neurons in my brain collide and short the whole system,sometimes the two neurons in my brain collide and short the whole system,sometimes the two neurons in my brain collide and short the whole system,0.006887361,0.9230769230769231,0.9635301
am i wrong thinking a tax exempt charitable grant can be to an unincorporated ass n,i do n't think i am wrong about a tax free from charitable grant can be to an unincorporated person,am i wrong thinking a tax exempt charitable grant can be to an unincorporated n,0.0004117189,0.9375,0.9847845
marsha ambrosius released a dope album and watch her shit flop,marsha ambrosio s released a dope album and watch her flop,marsha ambrosius released a dope album and watch her flop,0.17397442,0.9090909090909091,0.99351496
what the name of it an shit thats what im doin,what the name of it what i ’ m doing,what the name of it is bad thats what i m doing,0.004077234,0.4,0.908929
rawrrr lol now that i think about it shit,rawrrr lol now that i think about it,now that i think about it,0.00052543386,0.6666666666666666,0.711888
thanks to the fuck ton of rain we got,the high rainfall has caused some issues,thanks to the ton of rain we got,0.00048063276,0.8888888888888888,0.96502364
i wan na get fucked up tho,i wan na get knocked up tho,i wan na get messed up,0.009012082,0.625,0.86753243
yeah japan would be fucked,yeah japan would be in trouble,yeah japan would be in trouble,0.0028578045,0.5714285714285714,0.87043476
aw no all fucked up,aw no all goes wrong,aw no all mess up,0.000580853,0.6666666666666666,0.94458777
obviously you know jack shit about what is happening in crimea,you obviously know jack about what is happening in crimea,obviously you know nothing about what is happening in crimea,0.0005084896,0.75,0.8553866
how much shit was his trainer talking,how much was his trainer talking,how much was his trainer talking,0.00048094988,0.8571428571428571,0.968142
there are lunatics like dylann roof on every corner,there are people like dylan roof on every corner,there are people like dylann roof on every corner,0.010181991,0.8,0.9101312
god damn it now i might have to get up off my ass and do some work,i really need to get some work done,now i might have to get up and do some work,0.0008453328,0.6470588235294118,0.7853642
shit paano ako bababa bro need daw dun sa right side ng stage lol,paano ako bababa bro need daw dun sa right side ng stage lol,paano ako bababa bro need dun sa right side ng stage,0.041678328,0.7857142857142857,0.88956577
haha i m not one to be anybody s bitch,haha i m not one to be anybody s girl,haha i m not one to be anybody,0.0005881094,0.8,0.94902134
i don t think putin really gives a shit,i dont think putin really cares,i don't think putin really cares,0.0795593,0.36363636363636365,0.89541924
don t give jobbik any fucking ideas,don t give them any ideas,don't give jobbik any ideas,0.0060065356,0.5,0.9419284
go to a fucking gym for once in your life,go to a gym for once in your life,go to the gym for once in your life,0.003761388,0.7272727272727273,0.96418923
why the fuck should i care about some christians being persecuted,why should i care about some christians being persecuted,why should i care about some christians being persecuted,0.9982413,0.8181818181818182,0.9731643
because i was talking bout my cuz they left me here to babysit that fucking sad af,because i was talking bout my cuz they left me here to babysit him,because i was talking bout my cuz they left me here to babysit that sad af,0.0287677,0.9411764705882353,0.99372315
damn straight dd when you said it to me on saturday night i lost my shit,for sure when you said it to me on saturday night i lost control,damn straight when you said it to me on saturday night i lost my mind,0.98667103,0.8235294117647058,0.91110075
i just saw one of those and couldnt fucking believe it,i just saw one of those and could n't believe it,i just saw one of those and couldnt believe it,0.00071962044,0.9090909090909091,0.98365384
com it s bout this fucked up situation and these fucked up police,com it s bout this bad situation and these bad police,com it s bout this bad situation and these bad police,0.04739373,0.75,0.9204154
fuck you taking credit for some shit i wanted to do,you are taking credit for something i wanted to do,you are taking credit for something i wanted to do,0.00084425893,0.6153846153846154,0.83053005
game of thrones is more like this is some real world shit right here,game of thrones is more like this is some real world thing right here,game of thrones is more like this is some real world right here,0.0048595914,0.9230769230769231,0.9829572
get yer asses to bed,go to bed,get to bed,0.01406735,0.6,0.7004052
it s not really that fucked up you compare it to anywhere else in the world,it s not that bad you can compare it to the rest of the world,it s not really that you compare it to anywhere else in the world,0.00044033106,0.8666666666666667,0.9574187
my guess christian white male tea party gun lover pussy,my guess christian white male tea party gun lover girls,my guess christian white male tea party gun lover,0.989838,0.9,0.9783846
lmao that s a job well fucking done,that is a job well done,lmao that s a job well done,0.0006085113,0.875,0.97200364
haha nothing much how about you wondering bitch lmfao,haha nothing much how about your wondering,haha nothing much how about you wondering,0.00047735623,0.7777777777777778,0.86487794
could idiotic selfrighteous people please refrain from editing or deleting my talk page in future,could people please refrain from editing or deleting my talk page in future,could people please refrain from editing or deleting my talk page in future,0.00046552316,0.8666666666666667,0.8973398
use a glass of water and drink it you tubby shit,use a glass of water and drink it,use a glass of water and drink it,0.0004794985,0.7272727272727273,0.8872202
fucking give it to them,give it to them,give it to them,0.00055228965,0.8,0.85383344
you are a communistsupporting clown,you are a communist,you are a communistsupporting person,0.039224874,0.6666666666666666,0.89260757
what the fuck kind of thread did i walk in on here,what kind of thread did i walk in on here,what kind of thread did i walk in on here,0.00057886145,0.8333333333333334,0.9573445
we try to be informed and inform anger first is the source of all this shit,we try to be informed and inform anger first is the source of all this,we try to be informed and inform anger first is the source of all this,0.0004013173,0.9375,0.9784978
friday can fuck right off,friday can go right off,friday can go right off,0.0005187627,0.6666666666666666,0.92138493
okay my bunny fucked up but if you turn your attention to bbm,okay my bunny messed up but if you turn your attention to bbm,okay my girl messed up but if you turn your attention to bbm,0.55096954,0.7333333333333333,0.925303
awwwwwww shit rt i got 2 followers hurry somebody get me another follower,i have got 2 followers and urgently needs one more,awwwwwww rt i got 2 followers hurry somebody get me another follower,0.000559536,0.9230769230769231,0.98415565
so it makes you shit liquid fire,so is it make you liquid fire,so it makes you liquid fire,0.009632993,0.8571428571428571,0.97271425
i exchange my bad habits for a habit and maybe he ll come murder me,i exchange my bad habits for a habit and maybe he ll come for me,i exchange my bad habits for a habit and maybe he ll come murder me,0.26864544,1.0,0.99999994
bitch you never knew shes been prego for the past month,you never knew shes been prego for the past month,you never knew she s been prego for the past month,0.0007072344,0.6923076923076923,0.93549556
lmao really that fucking necklace thing again,really that necklace thing again,lmao really that necklace thing again,0.00045271876,0.8571428571428571,0.968089
that fatass chink from oz phanatical is ruining the reputation of your art,that guy is spoiling your art,that guy from oz phanatical is ruining the reputation of your art,0.19009824,0.7857142857142857,0.9034354
i m fucking tired of isis and their shit,i m so tired of them,i m tired of isis,0.07585366,0.5555555555555556,0.7209864
and nobody gives two shits about your aunt,and nobody cares about your aunt,and nobody cares about your aunt,0.010358611,0.5555555555555556,0.8357051
oh really d awesooomeee i fuckin love dogs once i had one r,oh really awesome i love dogs once i had one,oh really i love dogs once i had one r,0.0008790402,0.75,0.925275
and they fucked themselves by publishing falsified data for a decade and pumping out laughably biased studies,and they messed themselves up by publishing falsified data for a decade and pumping out laughably biased studies,and they messed themselves by publishing falsified data for a decade and pumping out laughably biased studies,0.31067824,0.8823529411764706,0.99650145
they were probably wondering what the fuck was going on,they were probably wondering what was going on,they were probably wondering what was going on,0.00055289164,0.8,0.95188314
time for these clowns to retire,they should be fired,time for these people to retire,0.0038125555,0.7142857142857143,0.8557312
god how i hate this race,i just do n't like this race,god how i hate this race,0.686833,1.0,1.0
climate is turning to shit,climate is turning to be worst,climate is turning bad,0.005407602,0.5,0.8713824
this is fucking annoying now,this is so annoying now,this is annoying now,0.0092310365,0.8,0.9514526
get that cowboy shit out of your head,get that cowboy thing out of your head,get that cowboy out of your head,0.7751196,0.875,0.9698325
captain fuckin crunch is the shit,captain crunch is the best,captain is not good,0.018312365,0.25,0.49848723
i m getting really fed up with this shit,i m really tired of these things,i m getting really fed up with this,0.0004896319,0.8888888888888888,0.9177313
tell that guy to do something and hed stonewall your ass til the cows came home,tell that guy to do something and hed stonewall you til the cows came home,tell that guy to do something and hed stonewall you til the cows came home,0.19538248,0.8235294117647058,0.97987247
you see this sort of shit and think people can t possibly believe it,you see and think people can t possibly believe it,you see this sort of thing and think people can't possibly believe it,0.0004093407,0.6875,0.96827555
a top economist should be wiping his ass with greenbacks,a top economist should be so wealthy to use greenbacks for the bathroom,a top economist should be messing with greenbacks,0.004598639,0.6363636363636364,0.9255643
in case you are wondering you racist i am a jacobite assyrian,in case you are wondering i am a jacobite assyrian,in case you are wondering you racist i am a jacobite assyrian,0.62502724,1.0,1.0
lol why i got ta be a fuck face tho,lol why i got ta be a sad face tho,why i got ta face,0.00050609966,0.5,0.753307
shit that s been their plan all along,that s been their plan all along,that s been their plan all along,0.00048991153,0.875,0.89448017
aside from a questionable epilogue casting fucking exceptional loved every second,aside from a questionable epilogue casting exceptional loved every second,aside from a questionable epilogue casting exceptional loved every second,0.0003685429,0.9090909090909091,0.98408407
fast as fuck servers in switzerland with premium means good fast downloads,fast servers in switzerland with premium means good fast downloads,fast servers in switzerland with premium means good fast downloads,0.00048282003,0.8181818181818182,0.955995
a where all the sexi bitches be,a where all sexy womans be,a where all the sexi be,0.09618159,0.8571428571428571,0.9263381
jesus what s with everyone being so fucking negative,jesus what s with everyone being so negative,jesus what s with everyone being so negative,0.40252653,0.8888888888888888,0.9811038
the fools running the city of eugene give fools a bad name,the peole running the city of eugene give a bad name,the people running the city of eugene give them a bad name,0.0067857015,0.75,0.90296274
fuck the haters up all night is actually amazing it s grown on me heaps today,not concerned about them all night actually amazing it s grown on me,mess up all night is actually amazing it s grown on me heaps today,0.00048625053,0.7647058823529411,0.9107098
stop your decisive shit and learn to fit into your adopted society even if you were born there,stop it and learn to fit into your adopted society even if you were born there,stop your decisive actions and learn to fit into your adopted society even if you were born there,0.0015244263,0.8888888888888888,0.9379783
i just keep losing shit in the solar system anytime i try to just hit mun,i just keep losing in the solar system anytime i try to just hit mun,i just keep losing in the solar system anytime i try to just hit mun,0.0006049812,0.9285714285714286,0.98825276
haha i totally forgot about that song zappas the fucking shit dude,haha i totally forgot about that song,haha i totally forgot about that song,0.000476711,0.5833333333333334,0.8574507
it d be a bitch to get food for that many people there,it d be bad to get food for that many people there,it d be bad to get food for that many people there,0.0019492018,0.7857142857142857,0.91424876
i don t care about the nsa and i do shit wrong all the time,i don t care about the nsa and i do wrong all the time,i don't care about the nsa and i do wrong all the time,0.00074806507,0.7142857142857143,0.9895971
the task forces recommendations are stupid,the task forces recommendations are not nice,the task forces recommendations are not good,0.00051271735,0.625,0.84438354
it can t be that fucking hard,it ca n't be that hard,it can't be that hard,0.0005415757,0.5,0.95387644
have you done some type of survey or some shit to prove that sir,have you done somw type of survey or something to prove that sir,have you done some type of survey or something to prove that sir,0.004297849,0.8571428571428571,0.97652215
inhales sharply shaking her head oh god ow i can t do this fuck,inhales sharply shaking her head oh god ow i can t do this,inhales sharply shaking her head oh god ow i can t do this,0.0052715377,0.9285714285714286,0.9824288
lol well your question is fucking wack,your question isn ’ t good,lol well your question is not good,0.000947082,0.5555555555555556,0.8780092
vets can t do anything other than fuck things up,the vets just mesh things up,vets can't do anything other than mess things up,0.017349608,0.5833333333333334,0.97368795
they ll be replaced by all new old as fuck politicians,they ll be replaced by all new old politicians,they ll be replaced by all new old politicians,0.02112494,0.8181818181818182,0.9345321
haha u know i b talkin shit some of the time lol,haha you i d talking wrong things some of the time lol,haha u know i b talking about things some of the time,0.0003983298,0.6,0.9152669
shit i wish i was going to belfast,i wish i was going to belfast,i wish i was going to belfast,0.0036410985,0.8571428571428571,0.93563426
you re all wrong it s fucking pretty hard,you re all wrong it s pretty hard,you re all wrong it s pretty hard,0.00081867474,0.8888888888888888,0.9754551
you be a no talent rock stah,you be a no talent rock stah,you be a no talent,0.8146547,0.7142857142857143,0.8130724
she tryna fuck everybody ex s,she is trying to sleep with everybody s ex s,she tryna get rid of everyone,0.3350001,0.2,0.8362755
shit the great firewall is a real thing,the great firewall is a real thing,the great firewall is a real thing,0.0003723868,0.875,0.9552481
dude he s a fucking dumbass blind herpderp,dude he s blind,dude he s a blind herpderp,0.2796884,0.75,0.8930266
republicans just have the fucking thing removed,republicans just have it removed,republicans just have the thing removed,0.0013361566,0.8571428571428571,0.9648859
aren t you hispanic cook me some spanish f00d bitch,are n't you hispanic cook me some spanish food,aren t you hispanic cook me some spanish,0.19508398,0.8,0.8684675
i ve eaten so much meat i ll be shitting like a hippo for weeks,i ve eaten so much i wo n't be leaving the toilet for weeks,i ve eaten so much meat i ll be in trouble for weeks,0.00046812187,0.625,0.90017086
why do they fucking care who buys drugs,nobody care about who buys durgs,why do they care who buys drugs,0.002875314,0.875,0.97418374
its time to kill them back when caught trafficking these terrorist deserve to be exicuted,the time has come to kill the terrorist which is caught while trafficking,its time to kill them back when caught trafficking these terrorist deserve to be exicuted,0.97139174,1.0,1.0
he s living high why should he give a shit,he has a good life why would he care,he s living high why should he care,0.00088596443,0.6,0.91290575
mexico government are rapists and murderers and cowards,the mexico government is inhuman,mexico government are not good,0.7535646,0.3333333333333333,0.52441144
i just don t ever want to hear one fucking thing about it,i just d ’ ont ever want to hear one thing about it,i just don't ever want to hear one thing about it,0.00079540466,0.7142857142857143,0.9631714
leafs and habs fans unite rt fuck the canucks,leafs and habs fans unite the canucks,leafs and habs fans unite,0.0028601666,0.5555555555555556,0.82198316
4 fake tan bottles and they all decide to run out on me at once fuck,four,4 fake tan bottles and they all decide to run out on me at once,0.0025429523,0.9375,0.98727024
you got your weird ass shit i got mine,you got your weird stuffs i got mine,you got your weird thing i got mine,0.032407306,0.6666666666666666,0.9168633
but it doess look good just fucking shit scarringly good,but it doess look good just scarringly good,but it does look good just scarringly good,0.007318482,0.6,0.95240974
and that s how you let the beat build bitch,and that s how you let the beat build,and that s how you let the beat build,0.0013123233,0.9,0.9401736
by the way i didnt call you trash i called your writing trash talk,by the way i didnt tell youre wrong i told your writing was wrong,by the way i didnt call you trash i called your writing trash talk,0.99327236,1.0,1.0
jon mcain is full of shit,john mcain is bad,jon mcain is not good,0.0020356798,0.375,0.70044553
they better not fuck with green man,they better not mess with green man,they better not mess with green man,0.9892406,0.75,0.9763778
or you could just grow the fuck up,or you could just grow up,or you could just grow up,0.03697587,0.75,0.932785
so they go insane making up new shit,so they go wrong making up new problems,so they go insane making up new things,0.7297304,0.7777777777777778,0.9367709
my labrador has more brains,my labrador has more brains,my labrador has more brains,0.69145936,1.0,1.0
who the fuck uploads that to tumblr and expects nothing to happen,who actually uploads that to tumblr and expects nothing to happen,who uploads that to tumblr and expects nothing to happen,0.0003623214,0.8181818181818182,0.96656305
would you fucking stop with these lies,would you stop with these lies,would you stop with these lies,0.09776849,0.8571428571428571,0.96983284
or people who don t want to get fucking ebola,or people who do n't want to get ebola,or people who don't want to get ebola,0.0011928277,0.6363636363636364,0.969848
even though 65 of the world wouldn t give a shit,even though 65 of the world would n't care,even though 65 of the world wouldn't care,0.0005013489,0.46153846153846156,0.94296914
every vote for trump enabled a pervert,every vote for trump enabled not a good man,every vote for trump enabled a pervert,0.93752855,1.0,1.0
do you idiots actually do any research,do you do any research,do you actually do any research,0.00052282,0.8333333333333334,0.87069595
lol i was saying this in 77 and nobody fucking listened,lol i was saying this in 77 and nobody listened,lol i was saying this in 77 and nobody listened,0.0005517522,0.9090909090909091,0.98760444
why do ppl spell g words with a q stop dat stupid shit,why do people spell g words with a q stop doing it that way,why do ppl spell g words with a q stop dat,0.0006730298,0.8461538461538461,0.9464126
don t start shit and you won t have to deal with it,don t start things and you won t have to deal with it,don't start it and you won't have to deal with it,0.00054910954,0.5714285714285714,0.9429755
mine ur own fucking bussiness,mine your own business,mine ur own bussiness,0.061250888,0.8,0.8910412
those of us who pay taxes don t give a shit,those of us who pay taxes don ’ t care,those of us who pay taxes don't care,0.0007443165,0.46153846153846156,0.92368734
my ride is a white lesbian named becky lol and were picking up 36 other bitches,my ride is a white lesbian named becky lol and were picking up 36 others,my ride is a white lesbian named becky lol and were picking up 36 other people,0.9945686,0.8823529411764706,0.97375834
what the hell is your problem dumbass,what is your problem,what is your problem,0.001093594,0.5714285714285714,0.82827455
that nigguh has some dope abs,that guy has some dope abs,that guy has some dope abs,0.28001416,0.7142857142857143,0.832717
better eat your damn caviar now because very soon those eggs will be glowing,better eat your caviar now because very soon those eggs will be glowing,better eat your caviar now because very soon those eggs will be glowing,0.0052759354,0.9285714285714286,0.9798052
anonymous is so fucking annoying,anonymous makes me feel annoyed,anonymous is so annoying,0.06404337,0.8,0.9579536
ladygaga hates britney she always talks shit about her you dumb ass lol,lady gaga hates britney and i dont know why she always talk about her,ladygaga hates britney she always talks bad about her,0.09008331,0.5714285714285714,0.9043231
it s not a fucking island,it s not an island,it s not a island,0.00048036777,0.8333333333333334,0.92534333
cause its the fuckin truth very underrated,cause its the truth very underrated,cause its the truth very underrated,0.0003906761,0.8571428571428571,0.9358169
i thought zoomers where that paste shit you inhaled the fumes of,i thought zoomers where that paste you inhaled the fumes of,i thought zoomers where that paste you inhaled the fumes of,0.00088590867,0.9166666666666666,0.9923825
why the fuck would you test it on animals,why would you test it on animals,why would you test it on animals,0.024725875,0.7777777777777778,0.9599301
global rec my ass auspol parochial,global rec auspol parochial,global rec auspol parochial,0.0005513776,0.6666666666666666,0.84496576
it s not about thinking it s about litigation and covering the administration s ass,it s not about thinking it s about litigation and covering the administration,it s not about thinking it s about litigation and covering the administration,0.00047464453,0.9090909090909091,0.9807965
i think this cop already feels like shit,i think this cop already feels bad,i think this cop already feels bad,0.037472665,0.6666666666666666,0.9322728
how in the fuck do you know what degree people got,how in the world do you know what degree people got,how do you know what degree people got,0.0007040805,0.7272727272727273,0.9420142
people can smoke tobacco without getting cancer despite shit in it being carcinogenic,people can smoke tobacco without getting cancer despite it being carcinogenic,people can smoke tobacco without getting cancer despite things in it being carcinogenic,0.0007360672,0.8571428571428571,0.97587025
textbook definition of a piece of shit authoritarian,textbook definition of authoritarian,textbook definition of a authoritarian,0.00040966412,0.7142857142857143,0.86907506
and don t think i m talking out of my ass because i played ultimate for several years,and do n't think i m talking just because i played ultimate for several years,and don t think i m talking out of my mind because i played ultimate for several years,0.0011288491,0.8888888888888888,0.9779341
macarthur left us with a very strange japan and he was fired for shits sake,macarthur left us with a very strange japan and he was fired for this sake,macarthur left us with a very strange japan and he was fired,0.0033709046,0.8,0.93798137
who the fuck is jared,who is jared,who is jared,0.0032064586,0.6,0.89729387
maybe you should learn your shit before posting idiotic things,maybe you should learn before posting things,maybe you should learn your things before posting bad things,0.0016714057,0.7272727272727273,0.9165173
we arecountry of losers and abusers,we arecountry of not talented people,we are country of people and abusers,0.021194438,0.4444444444444444,0.87822354
now this little russian runt cunt wants them back,now this russian wants them back,now this little russian wants them back,0.07599695,0.7777777777777778,0.94591814
fucks no i just know redlands area i was always out there,oh no this is redlands area i was always out there,i just know redlands area i was always out there,0.00042282577,0.8181818181818182,0.91628724
yes hes a boorish bully type and so on and on,yes he is a bully,yes he s a bully type and so on and on,0.60014945,0.6363636363636364,0.9363214
damn you still up and aint sayin shit to me smh,you still up and aint saying anything to me,you still up and aint saying anything to me smh,0.0018710598,0.6153846153846154,0.8731996
one small step for man one giant leap for fuck you china,one small step for man one giant leap for china,one small step for man one giant leap for you china,0.9876309,0.9,0.9778348
when this shit is deciphered it will be like the end of a hundred years of solitude,when this is deciphered it will be like the end of a hundred years of solitude,when this is deciphered it will be like the end of a hundred years of solitude,0.0004389989,0.9375,0.9623557
but does that really mean all the shit being done by the rioters should be okay d,but does that really mean all the things being done by the rioters should be okay d,but does that really mean all the things being done by the rioters should be okay,0.0009957326,0.8235294117647058,0.948401
why the fuck do people from real countries keep going to these arab shit holes seriously,why do people from real countries keep going to arab seriously,why do people from real countries keep going to these arab countries seriously,0.04361171,0.75,0.94380486
stop being a inconsiderate cunt thank you oh p,stop being an inconsiderate thank you,stop being inconsiderate thank you,0.009690898,0.5555555555555556,0.78807336
that s some house of cards shit right there,that s some house of cards right there,that s some house of cards right there,0.00059630355,0.8888888888888888,0.9717722
which is why conservatives are trying so hard to fuck with education,that s why conservatives trying so hard to do with education,which is why conservatives are trying so hard to mess with education,0.0022701845,0.8461538461538461,0.9799792
is anyone surprised to learn that hollywood liberal male actors crowe and damon are really misogynistic hypocrites,is anyone surprised to learn that hollywood liberal male actors crowe and damon are really misogynistic,is anyone surprised to learn that hollywood liberal male actors crowe and damon are really wrong,0.96771944,0.8333333333333334,0.95389766
that shit iz too livee,that iz too livee,that iz too livee,0.0015165125,0.8,0.89871705
meet me n da streets its goin down last ones standing baddest bitch wins da crown,meet me and the streets it s going down last ones standing baddest one wins the crown,meet me n da streets its going down last ones standing wins da crown,0.0019382383,0.75,0.9448151
get the fuck out of the road,leave the road,get out of the road,0.0011926544,0.8333333333333334,0.90396285
fuck nooo it cant be over,no it ca n't be over,it can't be over,0.0004388815,0.42857142857142855,0.72428787
and that didn t fucking happen,and that did n't happen,and that didn t happen,0.00039927324,0.8333333333333334,0.9457613
yeahh fuck you for waking me up,yeahh angry on you for waking me up,yeahh don't care for waking me up,0.0015204585,0.5555555555555556,0.8199879
i m gon na go watch pll right now since i have soccer when its fucking on every tuesday,i m going to watch pll right now because i have soccer on every tuesday,i m gon na go watch pll right now since i have soccer when its on every tuesday,0.0018089372,0.9444444444444444,0.992267
fucking hell i was there not two years ago,i was there not two years ago,i was there not two years ago,0.00038213158,0.7777777777777778,0.8538135
shit i never thought of that,oh i never thought of that,i never thought of that,0.00043393517,0.8333333333333334,0.9268978
what the fuck is expected,what is your expectation,what is expected,0.00042696585,0.6,0.86701953
i kept seeing you tweet and realized we on the same shit,i kept seeing you tweet and realized we on the same thing,i kept seeing you tweet and realized we on the same thing,0.0004462439,0.8461538461538461,0.9660163
nestl is the worst fucking company on the world i stopped eating any nestle food things,nestle is the worst company on the world i stopped eating any nestle food things,nestl is the worst company on the world i stopped eating any nestle food things,0.36940277,0.9333333333333333,0.99341834
how many fucking times is this going to be reposted,how many times is this thing going to be reposted,how many times is this going to be reposted,0.0011440843,0.9,0.9562866
u got all ur nerd skillz and can block me,u got all your skill and can block me,you got all your skillz and can block me,0.0045005414,0.5833333333333334,0.93273544
man beat it im a fuckin guru,man beat it i m a guru,man beat it im a guru,0.9924229,0.8571428571428571,0.92968065
you learn something new on twitter everyday i love you sick fucks,you learn something new on twitter everyday i love you,you learn something new on twitter everyday i love you,0.0012929892,0.8181818181818182,0.92870843
am i the only one that thinks buttering waffles is a pain in the ass sometimes,am i the only one that thinks buttering waffles can be difficult sometimes,am i the only one that thinks buttering waffles is a pain sometimes,0.0007115198,0.8666666666666667,0.9675993
well uf better get the fuck ready for us,make sure it ’ s ready for us,well uf better get ready for us,0.0015036016,0.7777777777777778,0.9313846
i wish the same but the us won t do jack shit to him,i wish the same but the us won ’ t do anything,i wish the same but the us won t do anything to him,0.0007159809,0.7857142857142857,0.90216404
that shit happens all the time,that thing happens all the time,that happens all the time,0.00045625566,0.8333333333333334,0.8847278
they have me in this huge ass rental that i too crashed that,they have me in this huge rental that i too crashed that,they have me in this huge rental that i too crashed that,0.0007443116,0.9166666666666666,0.9794508
fuck it i guess i am,i guess i am,i guess i am,0.00047340395,0.6,0.84322584
we re like a bunch of hungry hungry hippos up in this bitch,we re like a bunch of hungry hippos up here,we re like a bunch of hungry hungry hippos up in this,0.91716987,0.9166666666666666,0.9617531
detroit and their fucked up police need to change,detroit s police need to change,detroit and their police need to change,0.43050197,0.7777777777777778,0.9602331
